T,W,SR,DSP,DRH,PanE,,,,,,,,
0.408839779,0.379258265,0.271563902,0.6,0.726027397,0.186046512,,,DRH,DSP,SR,W,T,y-intercept
0.348066298,0.905185434,0.178494266,0.4,0.684931507,0.337209302,,,-0.510587819,-0.045187609,0.498389371,0.344759233,0.305221895,0.219679504
0.287292818,0.429602282,0.148911418,0.65,0.698630137,0.151162791,,,0.010764391,0.016983219,0.010419117,0.015133703,0.016140098,0.017525673
0.243093923,0.29887565,0.293501745,0.85,0.616438356,0.197674419,,,0.965829123,0.035647429,#N/A,#N/A,#N/A,#N/A
0,0.511495217,0.339205584,0.3,0.219178082,0.453488372,,,1599.781229,283,#N/A,#N/A,#N/A,#N/A
0.049723757,0.305755999,0.329067642,0.7,0.232876712,0.337209302,,,10.16452366,0.359619196,#N/A,#N/A,#N/A,#N/A
0.436464088,0.398388991,0.294831311,0.55,0.835616438,0.197674419,,,,,,,,
0.342541436,0.279744924,0.329566229,0.55,0.753424658,0.174418605,,,,,,,,
0.331491713,0.281423058,0.391058667,0.55,0.739726027,0.220930233,,,,,,,,
0.480662983,0.391508642,0.276217384,0.65,0.876712329,0.151162791,,,T,W,SR,DSP,DRH,PanE
0.436464088,0.150696426,0.555093901,0.65,0.506849315,0.337209302,,,0.408839779,0.379258265,0.271563902,0.6,0.726027397,0.251750698
0.414364641,0.207249539,0.01927871,0.45,1,0,,,0.348066298,0.905185434,0.178494266,0.4,0.684931507,0.452237934
0.287292818,0.846282933,0.343526674,0.35,0.671232877,0.406976744,,,0.287292818,0.429602282,0.148911418,0.65,0.698630137,0.187786133
0.419889503,0.315824803,0.739737411,0.4,0.671232877,0.441860465,,,0.243093923,0.29887565,0.293501745,0.85,0.616438356,0.220774307
0.513812155,0.421211613,0.761841449,0.5,0.383561644,0.709302326,,,0,0.511495217,0.339205584,0.3,0.219178082,0.492211356
0.403314917,0.454942104,0.528003989,0.5,0.739726027,0.372093023,,,0.049723757,0.305755999,0.329067642,0.7,0.232876712,0.3851788
0.370165746,0.825641886,0.52285192,0.3,0.671232877,0.395348837,,,0.436464088,0.398388991,0.294831311,0.55,0.835616438,0.226645789
0.397790055,0.353918443,0.739903606,0.55,0.712328767,0.430232558,,,0.342541436,0.279744924,0.329566229,0.55,0.753424658,0.204152
0.574585635,0.348548414,0.744557088,0.4,0.589041096,0.581395349,,,0.331491713,0.281423058,0.391058667,0.55,0.739726027,0.239172034
0.55801105,0.30726632,0.810204421,0.45,0.712328767,0.523255814,,,0.480662983,0.391508642,0.276217384,0.65,0.876712329,0.202277862
0.491712707,0.361637859,0.711151737,0.4,0.849315068,0.372093023,,,0.436464088,0.150696426,0.555093901,0.65,0.506849315,0.408838332
0.436464088,0.58633999,0.46534818,0.25,0.698630137,0.406976744,,,0.414364641,0.207249539,0.01927871,0.45,1,-0.08239797
0.635359116,0.401409632,0.922718963,0.5,0.328767123,0.895348837,,,0.287292818,0.846282933,0.343526674,0.35,0.671232877,0.498828361
0.491712707,0.384628293,0.546119329,0.45,0.780821918,0.348837209,,,0.419889503,0.315824803,0.739737411,0.4,0.671232877,0.497078622
0.475138122,0.424232254,0.300149576,0.45,0.917808219,0.174418605,,,0.513812155,0.421211613,0.761841449,0.5,0.383561644,0.726295284
0.585635359,0.41366001,0.523516703,0.3,0.835616438,0.337209302,,,0.403314917,0.454942104,0.528003989,0.5,0.739726027,0.409271316
0.546961326,0.338647424,0.343028087,0.3,0.890410959,0.209302326,,,0.370165746,0.825641886,0.52285192,0.3,0.671232877,0.606517396
0.607734807,0.579459641,0.458035566,0.25,0.780821918,0.406976744,,,0.397790055,0.353918443,0.739903606,0.55,0.712328767,0.479705435
0.546961326,0.676623595,0.685225195,0.5,0.630136986,0.639534884,,,0.574585635,0.348548414,0.744557088,0.4,0.589041096,0.603310304
0.519337017,0.622252056,0.355991358,0.45,0.684931507,0.430232558,,,0.55801105,0.30726632,0.810204421,0.45,0.712328767,0.547283198
0.475138122,1,0.30945654,0.3,0.575342466,0.569767442,,,0.491712707,0.361637859,0.711151737,0.4,0.849315068,0.434332815
0.629834254,0.477093472,0.638856573,0.25,0.835616438,0.430232558,,,0.436464088,0.58633999,0.46534818,0.25,0.698630137,0.479254829
0.546961326,0.350897802,0.344690045,0.25,0.917808219,0.197674419,,,0.635359116,0.401409632,0.922718963,0.5,0.328767123,0.862687921
0.552486188,0.409800302,0.349343527,0.5,0.863013699,0.244186047,,,0.491712707,0.384628293,0.546119329,0.45,0.780821918,0.395085147
0.574585635,0.597919114,0.724447399,0.45,0.712328767,0.569767442,,,0.475138122,0.424232254,0.300149576,0.45,0.917808219,0.215220403
0.596685083,0.428091962,0.941665282,0.4,0.739726027,0.674418605,,,0.585635359,0.41366001,0.523516703,0.3,0.835616438,0.404282589
0.563535912,0.467192482,0.565065647,0.3,0.808219178,0.406976744,,,0.546961326,0.338647424,0.343028087,0.3,0.890410959,0.240972346
0.569060773,0.606981037,0.35549277,0.2,0.835616438,0.302325581,,,0.607734807,0.579459641,0.458035566,0.25,0.780821918,0.48284016
0.651933702,0.449572076,0.886820675,0.35,0.657534247,0.709302326,,,0.546961326,0.676623595,0.685225195,0.5,0.630136986,0.686650488
0.563535912,0.464843094,0.226026259,0.35,0.931506849,0.162790698,,,0.519337017,0.622252056,0.355991358,0.45,0.684931507,0.464077981
0.64640884,0.530625944,0.912414825,0.45,0.684931507,0.720930233,,,0.475138122,1,0.30945654,0.3,0.575342466,0.659205105
0.701657459,0.426581641,0.818181818,0.15,0.780821918,0.593023256,,,0.629834254,0.477093472,0.638856573,0.25,0.835616438,0.505908936
0.806629834,0.420540359,0.739903606,0.2,0.726027397,0.581395349,,,0.546961326,0.350897802,0.344690045,0.25,0.917808219,0.235554497
0.82320442,0.389830508,0.816852252,0.2,0.767123288,0.627906977,,,0.552486188,0.409800302,0.349343527,0.5,0.863013699,0.282604871
0.784530387,0.373888236,0.8976234,0.2,0.753424658,0.674418605,,,0.574585635,0.597919114,0.724447399,0.45,0.712328767,0.639695698
0.773480663,0.504614868,0.805717135,0.3,0.767123288,0.651162791,,,0.596685083,0.428091962,0.941665282,0.4,0.739726027,0.66695736
0.762430939,0.421211613,0.864051853,0.35,0.753424658,0.686046512,,,0.563535912,0.467192482,0.565065647,0.3,0.808219178,0.456194337
0.756906077,0.580298708,0.79724115,0.35,0.753424658,0.662790698,,,0.569060773,0.606981037,0.35549277,0.2,0.835616438,0.40653009
0.696132597,0.370028528,0.808376267,0.4,0.739726027,0.581395349,,,0.651933702,0.449572076,0.886820675,0.35,0.657534247,0.710326315
0.64640884,0.398388991,0.614591989,0.5,0.712328767,0.488372093,,,0.563535912,0.464843094,0.226026259,0.35,0.931506849,0.220960578
0.674033149,0.315824803,0.47714808,0.45,0.821917808,0.325581395,,,0.64640884,0.530625944,0.912414825,0.45,0.684931507,0.73916748
0.756906077,0.350897802,0.746883829,0.3,0.739726027,0.569767442,,,0.701657459,0.426581641,0.818181818,0.15,0.780821918,0.627092214
0.790055249,0.454942104,0.628552435,0.4,0.726027397,0.546511628,,,0.806629834,0.420540359,0.739903606,0.2,0.726027397,0.643133055
0.685082873,0.476254405,0.648163537,0.2,0.753424658,0.523255814,,,0.82320442,0.389830508,0.816852252,0.2,0.767123288,0.651813814
0.635359116,0.532136264,0.664284527,0.4,0.643835616,0.581395349,,,0.784530387,0.373888236,0.8976234,0.2,0.753424658,0.680123849
0.657458564,0.417351905,0.761841449,0.5,0.726027397,0.558139535,,,0.773480663,0.504614868,0.805717135,0.3,0.767123288,0.677945249
0.685082873,0.532136264,0.707661625,0.4,0.767123288,0.523255814,,,0.762430939,0.421211613,0.864051853,0.35,0.753424658,0.671050351
0.685082873,0.446551435,0.575037394,0.3,0.849315068,0.38372093,,,0.756906077,0.580298708,0.79724115,0.35,0.753424658,0.707272461
0.718232044,0.437321698,0.214392554,0.4,0.97260274,0.151162791,,,0.696132597,0.370028528,0.808376267,0.4,0.739726027,0.604892342
0.729281768,0.41214969,0.279208908,0.5,0.931506849,0.186046512,,,0.64640884,0.398388991,0.614591989,0.5,0.712328767,0.515299411
0.64640884,0.373888236,0.413162706,0.4,0.876712329,0.26744186,,,0.674033149,0.315824803,0.47714808,0.45,0.821917808,0.364579825
0.679558011,0.431112603,0.650822669,0.4,0.835616438,0.430232558,,,0.756906077,0.350897802,0.746883829,0.3,0.739726027,0.588750556
0.762430939,0.37606981,0.582350008,0.35,0.890410959,0.360465116,,,0.790055249,0.454942104,0.628552435,0.4,0.726027397,0.588938325
0.624309392,0.415170331,0.485624065,0.45,0.780821918,0.337209302,,,0.685082873,0.476254405,0.648163537,0.2,0.753424658,0.571260458
0.662983425,0.382950159,0.282366628,0.35,0.753424658,0.26744186,,,0.635359116,0.532136264,0.664284527,0.4,0.643835616,0.636047809
0.662983425,0.524416848,0.434601961,0.4,0.698630137,0.406976744,,,0.657458564,0.417351905,0.761841449,0.5,0.726027397,0.593552895
0.674033149,0.540526934,0.095894964,0.35,0.97260274,0.11627907,,,0.685082873,0.532136264,0.707661625,0.4,0.767123288,0.609894089
0.812154696,0.204900151,0.304636862,0.45,0.506849315,0.38372093,,,0.685082873,0.446551435,0.575037394,0.3,0.849315068,0.468041108
0.574585635,0.344017453,0.357320924,0.6,0.808219178,0.220930233,,,0.718232044,0.437321698,0.214392554,0.4,0.97260274,0.226818302
0.662983425,0.168988085,0.413495097,0.65,0.260273973,0.5,,,0.729281768,0.41214969,0.279208908,0.5,0.931506849,0.267692204
0.44198895,0.312636348,0.387734752,0.55,0.630136986,0.290697674,,,0.64640884,0.373888236,0.413162706,0.4,0.876712329,0.324529363
0.447513812,0.256083235,0.326242313,0.4,0.767123288,0.186046512,,,0.679558011,0.431112603,0.650822669,0.4,0.835616438,0.499690665
0.408839779,0.361637859,0.287518697,0.6,0.767123288,0.162790698,,,0.762430939,0.37606981,0.582350008,0.35,0.890410959,0.440504484
0.436464088,0.696425575,0,0.55,0.917808219,0.093023256,,,0.624309392,0.415170331,0.485624065,0.45,0.780821918,0.419076744
0.44198895,0.448733009,0.20392222,0.7,0.808219178,0.186046512,,,0.662983425,0.382950159,0.282366628,0.35,0.753424658,0.333665525
0.143646409,0.984728981,0.302642513,0.25,0,0.779069767,,,0.662983425,0.524416848,0.434601961,0.4,0.698630137,0.498575437
0.38121547,0.089444538,0.185973076,0.65,0.410958904,0.209302326,,,0.674033149,0.540526934,0.095894964,0.35,0.97260274,0.202723145
0.276243094,0.202550764,0.377763005,0.75,0.232876712,0.360465116,,,0.812154696,0.204900151,0.304636862,0.45,0.506849315,0.431980899
0.386740331,0.247021312,0.379757354,0.7,0.410958904,0.348837209,,,0.574585635,0.344017453,0.357320924,0.6,0.808219178,0.287340711
0.331491713,0.485484142,0.27006814,0.4,0.698630137,0.244186047,,,0.662983425,0.168988085,0.413495097,0.65,0.260273973,0.541491227
0.386740331,0.161268669,0.459697524,0.65,0.356164384,0.372093023,,,0.44198895,0.312636348,0.387734752,0.55,0.630136986,0.341167265
0.430939227,0.232421547,0.472993186,0.4,0.438356164,0.337209302,,,0.447513812,0.256083235,0.326242313,0.4,0.767123288,0.223728261
0.408839779,0.41214969,0.502077447,0.6,0.136986301,0.593023256,,,0.408839779,0.361637859,0.287518697,0.6,0.767123288,0.230832579
0.425414365,0.304245679,0.503739405,0.75,0.178082192,0.581395349,,,0.436464088,0.696425575,0,0.55,0.917808219,0.171137764
0.342541436,0.26078201,0.401362805,0.4,0.808219178,0.186046512,,,0.44198895,0.448733009,0.20392222,0.7,0.808219178,0.212768135
0.342541436,0.405940594,0.42795413,0.5,0.780821918,0.244186047,,,0.143646409,0.984728981,0.302642513,0.25,0,0.843817582
0.458563536,0.696425575,0.269569553,0.65,0.821917808,0.209302326,,,0.38121547,0.089444538,0.185973076,0.65,0.410958904,0.229553949
0.375690608,0.502265481,0.241981054,0.55,0.890410959,0.11627907,,,0.276243094,0.202550764,0.377763005,0.75,0.232876712,0.43013346
0.38121547,0.3646585,0.341033738,0.55,0.835616438,0.197674419,,,0.386740331,0.247021312,0.379757354,0.7,0.410958904,0.396091057
0.392265193,0.551938245,0.512381586,0.6,0.602739726,0.430232558,,,0.331491713,0.485484142,0.27006814,0.4,0.698630137,0.29796902
0.651933702,0.08558483,0.636529832,0.5,0.068493151,0.674418605,,,0.386740331,0.161268669,0.459697524,0.65,0.356164384,0.427786958
0.447513812,0.380768585,0.63071298,0.6,0.739726027,0.360465116,,,0.430939227,0.232421547,0.472993186,0.4,0.438356164,0.449082108
0.889502762,0.338647424,0.719793917,0.4,0.082191781,1,,,0.408839779,0.41214969,0.502077447,0.6,0.136986301,0.682115357
0.906077348,0.268333613,0.766162539,0.25,0.136986301,0.988372093,,,0.425414365,0.304245679,0.503739405,0.75,0.178082192,0.611944375
0.607734807,0.319516697,0.760013296,0.45,0.219178082,0.802325581,,,0.342541436,0.26078201,0.401362805,0.4,0.808219178,0.210247723
0.585635359,0.338647424,0.764999169,0.5,0.136986301,0.813953488,,,0.342541436,0.405940594,0.42795413,0.5,0.780821918,0.297942372
0.55801105,0.319516697,0.771647,0.5,0.712328767,0.488372093,,,0.458563536,0.696425575,0.269569553,0.65,0.821917808,0.356675314
0.55801105,0.359288471,0.695695529,0.4,0.849315068,0.395348837,,,0.375690608,0.502265481,0.241981054,0.55,0.890410959,0.200273291
0.552486188,0.476254405,0.481801562,0.3,0.794520548,0.337209302,,,0.38121547,0.3646585,0.341033738,0.55,0.835616438,0.21771199
0.44198895,0.597080047,0.276882167,0.65,0.808219178,0.279069767,,,0.392265193,0.551938245,0.512381586,0.6,0.602739726,0.506952163
0.403314917,0.584158416,0.441415988,0.55,0.726027397,0.38372093,,,0.651933702,0.08558483,0.636529832,0.5,0.068493151,0.716645187
0.486187845,0.446551435,0.92321755,0.45,0.739726027,0.569767442,,,0.447513812,0.380768585,0.63071298,0.6,0.739726027,0.436232597
0.436464088,0.646081557,0.886820675,0.65,0.684931507,0.61627907,,,0.889502762,0.338647424,0.719793917,0.4,0.082191781,0.941447684
0.508287293,0.50914583,0.95828486,0.55,0.643835616,0.697674419,,,0.906077348,0.268333613,0.766162539,0.25,0.136986301,0.916945043
0.679558011,0.341668065,0.970583347,0.4,0.671232877,0.697674419,,,0.607734807,0.319516697,0.760013296,0.45,0.219178082,0.794725162
0.453038674,0.402080886,0.67242812,0.3,0.931506849,0.290697674,,,0.585635359,0.338647424,0.764999169,0.5,0.136986301,0.838734341
0.491712707,0.516865246,0.285191956,0.25,0.835616438,0.244186047,,,0.55801105,0.319516697,0.771647,0.5,0.712328767,0.531290384
0.563535912,0.603121329,0.586338707,0.3,0.780821918,0.465116279,,,0.55801105,0.359288471,0.695695529,0.4,0.849315068,0.445813743
0.64640884,0.428091962,0.946983547,0.35,0.712328767,0.662790698,,,0.552486188,0.476254405,0.481801562,0.3,0.794520548,0.422374185
0.569060773,0.528276556,0.684228021,0.3,0.780821918,0.5,,,0.44198895,0.597080047,0.276882167,0.65,0.808219178,0.317788974
0.53038674,0.425071321,0.322253615,0.45,0.904109589,0.186046512,,,0.403314917,0.584158416,0.441415988,0.55,0.726027397,0.42868798
0.541436464,0.394529283,0.555260096,0.2,0.780821918,0.38372093,,,0.486187845,0.446551435,0.92321755,0.45,0.739726027,0.630039968
0.541436464,0.412820943,0.352999834,0.3,0.835616438,0.26744186,,,0.436464088,0.646081557,0.886820675,0.65,0.684931507,0.704971418
0.629834254,0.332606142,0.289679242,0.2,0.904109589,0.186046512,,,0.508287293,0.50914583,0.95828486,0.55,0.643835616,0.726720864
0.696132597,0.399060245,0.92205418,0.45,0.726027397,0.686046512,,,0.679558011,0.341668065,0.970583347,0.4,0.671232877,0.702953543
0.662983425,0.386809867,0.759680904,0.4,0.767123288,0.546511628,,,0.453038674,0.402080886,0.67242812,0.3,0.931506849,0.383883842
0.878453039,0.454942104,0.346019611,0.5,0.821917808,0.337209302,,,0.491712707,0.516865246,0.285191956,0.25,0.835616438,0.305290071
0.773480663,0.407450915,0.420807711,0.35,0.849315068,0.360465116,,,0.563535912,0.603121329,0.586338707,0.3,0.780821918,0.54162602
0.767955801,0.532807518,0.647664949,0.35,0.767123288,0.558139535,,,0.64640884,0.428091962,0.946983547,0.35,0.712328767,0.701032793
0.613259669,0.339486491,0.51221539,0.2,0.876712329,0.302325581,,,0.569060773,0.528276556,0.684228021,0.3,0.780821918,0.558599376
0.784530387,0.470884377,0.722619245,0.15,0.821917808,0.546511628,,,0.53038674,0.425071321,0.322253615,0.45,0.904109589,0.250469822
0.790055249,0.583319349,0.748545787,0.1,0.849315068,0.558139535,,,0.541436464,0.394529283,0.555260096,0.2,0.780821918,0.430546097
0.784530387,0.428931029,0.809872029,0,0.849315068,0.569767442,,,0.541436464,0.412820943,0.352999834,0.3,0.835616438,0.305432763
0.784530387,0.387648934,0.698853249,0.15,0.808219178,0.5,,,0.629834254,0.332606142,0.289679242,0.2,0.904109589,0.234498857
1,0.389159255,0.730596643,0.05,0.575342466,0.779069767,,,0.696132597,0.399060245,0.92205418,0.45,0.726027397,0.679277553
0.70718232,0.432790737,0.691540635,0.25,0.767123288,0.534883721,,,0.662983425,0.386809867,0.759680904,0.4,0.767123288,0.564027729
0.756906077,0.417351905,0.643510055,0.25,0.739726027,0.511627907,,,0.878453039,0.454942104,0.346019611,0.5,0.821917808,0.421628672
0.668508287,0.347038094,0.582183813,0.3,0.780821918,0.406976744,,,0.773480663,0.407450915,0.420807711,0.35,0.849315068,0.398395141
0.629834254,0.315824803,0.531992687,0.25,0.726027397,0.38372093,,,0.767955801,0.532807518,0.647664949,0.35,0.767123288,0.607846844
0.629834254,0.516865246,0.63187635,0.55,0.726027397,0.5,,,0.613259669,0.339486491,0.51221539,0.2,0.876712329,0.35741788
0.591160221,0.207249539,0.612265248,0.35,0.890410959,0.290697674,,,0.784530387,0.470884377,0.722619245,0.15,0.821917808,0.60360598
0.674033149,0.353247189,0.16220708,0.5,0.794520548,0.209302326,,,0.790055249,0.583319349,0.748545787,0.1,0.849315068,0.656809506
0.502762431,0.116965934,0.206082765,0.35,0.98630137,0.034883721,,,0.784530387,0.428931029,0.809872029,0,0.849315068,0.621103277
0.497237569,0.172008726,0.35117168,0.6,0.753424658,0.186046512,,,0.784530387,0.387648934,0.698853249,0.15,0.808219178,0.561500067
0.46961326,0.308105387,0.14093402,0.5,0.849315068,0.104651163,,,1,0.389159255,0.730596643,0.05,0.575342466,0.767185463
0.364640884,0.238462829,0.371447565,0.65,0.561643836,0.23255814,,,0.70718232,0.432790737,0.691540635,0.25,0.767123288,0.57091664
0.359116022,0.34485652,0.222868539,0.45,0.657534247,0.220930233,,,0.756906077,0.417351905,0.643510055,0.25,0.739726027,0.569233893
0.35359116,0.513005538,0.348512548,0.55,0.383561644,0.453488372,,,0.668508287,0.347038094,0.582183813,0.3,0.780821918,0.456974241
0.325966851,0.266823292,0.068472661,0.4,0.780821918,0.093023256,,,0.629834254,0.315824803,0.531992687,0.25,0.726027397,0.436421321
0.35359116,0.153717067,0.283529998,0.55,0.479452055,0.209302326,,,0.629834254,0.516865246,0.63187635,0.55,0.726027397,0.562630155
0.408839779,0.159758349,0.264417484,0.8,0.205479452,0.348837209,,,0.591160221,0.207249539,0.612265248,0.35,0.890410959,0.32757569
0.320441989,0.176539688,0.292670766,0.5,0.630136986,0.151162791,,,0.674033149,0.353247189,0.16220708,0.5,0.794520548,0.236095878
0.314917127,0.386138614,0.086421805,0.55,0.945205479,0.034883721,,,0.502762431,0.116965934,0.206082765,0.35,0.98630137,0.008786992
0.287292818,0.477093472,0.101878012,0.8,0.890410959,0.034883721,,,0.497237569,0.172008726,0.35117168,0.6,0.753424658,0.211655298
0.049723757,0.135257594,0.126807379,0.9,0.575342466,0.081395349,,,0.46961326,0.308105387,0.14093402,0.5,0.849315068,0.114917646
0.232044199,0.188118812,0.313279043,0.6,0.561643836,0.174418605,,,0.364640884,0.238462829,0.371447565,0.65,0.561643836,0.30669509
0.337016575,0.219499916,0.34053515,0.6,0.164383562,0.406976744,,,0.359116022,0.34485652,0.222868539,0.45,0.657534247,0.23865662
0.259668508,0.37455949,0.323749377,0.75,0.684931507,0.255813953,,,0.35359116,0.513005538,0.348512548,0.55,0.383561644,0.510220473
0.198895028,0.251552274,0.383247466,0.6,0.808219178,0.127906977,,,0.325966851,0.266823292,0.068472661,0.4,0.780821918,0.055972626
0.254143646,0.254572915,0.346019611,0.5,0.726027397,0.220930233,,,0.35359116,0.153717067,0.283529998,0.55,0.479452055,0.268058621
0.259668508,0.444873301,0.041881336,0.7,0.890410959,0.104651163,,,0.408839779,0.159758349,0.264417484,0.8,0.205479452,0.406690439
0.060773481,0.483973821,0.322752202,0.7,0.04109589,0.488372093,,,0.320441989,0.176539688,0.292670766,0.5,0.630136986,0.198033151
0.149171271,0.312636348,0.081934519,0.7,0.232876712,0.337209302,,,0.314917127,0.386138614,0.086421805,0.55,0.945205479,0.024239908
0.320441989,0.447222688,0.312281868,1,0.931506849,0.104651163,,,0.287292818,0.477093472,0.101878012,0.8,0.890410959,0.080902783
0.209944751,0.239301896,0.352833638,0.85,0.780821918,0.151162791,,,0.049723757,0.135257594,0.126807379,0.9,0.575342466,0.024164292
0.198895028,0.370028528,0.282699019,0.6,0.657534247,0.209302326,,,0.232044199,0.188118812,0.313279043,0.6,0.561643836,0.21695889
0.259668508,0.324215472,0.47598471,0.75,0.671232877,0.23255814,,,0.337016575,0.219499916,0.34053515,0.6,0.164383562,0.47946511
0.513812155,0.407450915,0.481801562,0.75,0.315068493,0.523255814,,,0.259668508,0.37455949,0.323749377,0.75,0.684931507,0.24433083
0.596685083,0.194160094,0.425627389,0.5,0.273972603,0.511627907,,,0.198895028,0.251552274,0.383247466,0.6,0.808219178,0.144206521
0.392265193,0.311126028,0.440418813,0.25,0.794520548,0.220930233,,,0.254143646,0.254572915,0.346019611,0.5,0.726027397,0.19035254
0.331491713,0.402080886,0.555093901,0.75,0.547945205,0.406976744,,,0.259668508,0.444873301,0.041881336,0.7,0.890410959,0.032666792
0.453038674,0.379258265,0.619577863,0.4,0.452054795,0.488372093,,,0.060773481,0.483973821,0.322752202,0.7,0.04109589,0.563093751
0.348066298,0.465514348,0.510719628,0.4,0.904109589,0.197674419,,,0.149171271,0.312636348,0.081934519,0.7,0.232876712,0.295443428
0.375690608,0.353247189,0.56340369,0.6,0.863013699,0.26744186,,,0.320441989,0.447222688,0.312281868,1,0.931506849,0.152493164
0.359116022,0.424232254,0.585341532,0.4,0.835616438,0.279069767,,,0.209944751,0.239301896,0.352833638,0.85,0.780821918,0.129629839
0.397790055,0.588689377,0.698687053,0.6,0.698630137,0.476744186,,,0.198895028,0.370028528,0.282699019,0.6,0.657534247,0.224061196
0.386740331,0.530625944,0.43975403,0.45,0.753424658,0.313953488,,,0.259668508,0.324215472,0.47598471,0.75,0.671232877,0.304664059
0.61878453,0.33797617,0.749044374,0.4,0.575342466,0.569767442,,,0.513812155,0.407450915,0.481801562,0.75,0.315068493,0.604242064
0.552486188,0.412820943,0.692039222,0.35,0.726027397,0.488372093,,,0.596685083,0.194160094,0.425627389,0.5,0.273972603,0.538352713
0.546961326,0.481624434,0.625560911,0.45,0.767123288,0.441860465,,,0.392265193,0.311126028,0.440418813,0.25,0.794520548,0.281195693
0.491712707,0.650612519,0.791590494,0.4,0.630136986,0.674418605,,,0.331491713,0.402080886,0.555093901,0.75,0.547945205,0.4638144
0.535911602,0.409800302,0.807545288,0.4,0.794520548,0.476744186,,,0.453038674,0.379258265,0.619577863,0.4,0.452054795,0.587612223
0.569060773,0.515354925,0.810204421,0.5,0.808219178,0.534883721,,,0.348066298,0.465514348,0.510719628,0.4,0.904109589,0.309112458
0.486187845,0.567209263,0.695695529,0.45,0.630136986,0.581395349,,,0.375690608,0.353247189,0.56340369,0.6,0.863013699,0.305496799
0.546961326,0.451082396,0.713977065,0.5,0.712328767,0.534883721,,,0.359116022,0.424232254,0.585341532,0.4,0.835616438,0.36617006
0.585635359,0.470884377,0.85158717,0.4,0.767123288,0.581395349,,,0.397790055,0.588689377,0.698687053,0.6,0.698630137,0.568980186
0.55801105,0.451082396,0.972245305,0.45,0.657534247,0.73255814,,,0.386740331,0.530625944,0.43975403,0.45,0.753424658,0.389370081
0.513812155,0.429602282,0.714641848,0.4,0.808219178,0.441860465,,,0.61878453,0.33797617,0.749044374,0.4,0.575342466,0.621299488
0.552486188,0.44336298,0.656473326,0.4,0.821917808,0.418604651,,,0.552486188,0.412820943,0.692039222,0.35,0.726027397,0.531474457
0.679558011,0.620070482,0.846767492,0.4,0.643835616,0.744186047,,,0.546961326,0.481624434,0.625560911,0.45,0.767123288,0.501950157
0.790055249,0.521396207,1,0.2,0.684931507,0.825581395,,,0.491712707,0.650612519,0.791590494,0.4,0.630136986,0.715675137
0.662983425,0.493874811,0.679408343,0.3,0.876712329,0.430232558,,,0.535911602,0.409800302,0.807545288,0.4,0.794520548,0.545399362
0.740331492,0.370028528,0.822669104,0.25,0.780821918,0.581395349,,,0.569060773,0.515354925,0.810204421,0.5,0.808219178,0.592574823
0.712707182,0.363148179,0.830812697,0.3,0.794520548,0.581395349,,,0.486187845,0.567209263,0.695695529,0.45,0.630136986,0.626605759
0.740331492,0.408961235,0.893634702,0.25,0.739726027,0.674418605,,,0.546961326,0.451082396,0.713977065,0.5,0.712328767,0.558063481
0.723756906,0.49924484,0.293003158,0.25,0.876712329,0.26744186,,,0.585635359,0.470884377,0.85158717,0.4,0.767123288,0.623855617
0.850828729,0.432790737,0.894133289,0.3,0.739726027,0.709302326,,,0.55801105,0.451082396,0.972245305,0.45,0.657534247,0.72039104
0.718232044,0.434301057,0.809207246,0.2,0.671232877,0.674418605,,,0.513812155,0.429602282,0.714641848,0.4,0.808219178,0.4942209
0.729281768,0.446551435,0.724281203,0.4,0.684931507,0.627906977,,,0.552486188,0.44336298,0.656473326,0.4,0.821917808,0.476199318
0.70718232,0.522906528,0.79292006,0.4,0.712328767,0.662790698,,,0.679558011,0.620070482,0.846767492,0.4,0.643835616,0.779844531
0.70718232,0.552777312,0.786770816,0.35,0.698630137,0.662790698,,,0.790055249,0.521396207,1,0.2,0.684931507,0.833828772
0.679558011,0.334116462,0.761675253,0.15,0.739726027,0.534883721,,,0.662983425,0.493874811,0.679408343,0.3,0.876712329,0.520506117
0.679558011,0.397549924,0.813860728,0.2,0.712328767,0.593023256,,,0.740331492,0.370028528,0.822669104,0.25,0.780821918,0.611301291
0.723756906,0.477764726,0.793751039,0.2,0.835616438,0.534883721,,,0.712707182,0.363148179,0.830812697,0.3,0.794520548,0.594595101
0.624309392,0.509984897,0.697191291,0.3,0.767123288,0.488372093,,,0.740331492,0.408961235,0.893634702,0.25,0.739726027,0.685078833
0.856353591,0.282094311,0.212564401,0.25,0.684931507,0.313953488,,,0.723756906,0.49924484,0.293003158,0.25,0.876712329,0.351138241
0.690607735,0.458633999,0.566727605,0.2,0.849315068,0.372093023,,,0.850828729,0.432790737,0.894133289,0.3,0.739726027,0.727460021
0.906077348,0.437992952,0.401695197,0.2,0.561643836,0.546511628,,,0.718232044,0.434301057,0.809207246,0.2,0.671232877,0.684828909
0.685082873,0.343346199,0.618082101,0.4,0.780821918,0.430232558,,,0.729281768,0.446551435,0.724281203,0.4,0.684931507,0.63532659
0.635359116,0.43195167,0.543792588,0.3,0.712328767,0.453488372,,,0.70718232,0.522906528,0.79292006,0.4,0.712328767,0.682977478
0.585635359,0.322705152,0.472328403,0.5,0.04109589,0.720930233,,,0.70718232,0.552777312,0.786770816,0.35,0.698630137,0.702536428
0.546961326,0.256083235,0.371281369,0.3,0.780821918,0.209302326,,,0.679558011,0.334116462,0.761675253,0.15,0.739726027,0.571781064
0.53038674,0.34485652,0.374439089,0.35,0.780821918,0.244186047,,,0.679558011,0.397549924,0.813860728,0.2,0.712328767,0.637911408
0.613259669,0.247692566,0.344191458,0.3,0.082191781,0.61627907,,,0.723756906,0.477764726,0.793751039,0.2,0.835616438,0.61433377
0.756906077,0.313475415,0.140435433,0.45,0.260273973,0.523255814,,,0.624309392,0.509984897,0.697191291,0.3,0.767123288,0.580730368
0.458563536,0.379258265,0.267409008,0.5,0.835616438,0.151162791,,,0.856353591,0.282094311,0.212564401,0.25,0.684931507,0.352245871
0.464088398,0.40526934,0.039720791,0.35,0.726027397,0.197674419,,,0.690607735,0.458633999,0.566727605,0.2,0.849315068,0.47551273
0.453038674,0.37455949,0.012797075,0.55,0.917808219,0.11627907,,,0.906077348,0.437992952,0.401695197,0.2,0.561643836,0.596671029
0.513812155,0.393690216,0.275386405,0.55,0.205479452,0.523255814,,,0.685082873,0.343346199,0.618082101,0.4,0.780821918,0.473753268
0.425414365,0.272193321,0.320591657,0.6,0.095890411,0.523255814,,,0.635359116,0.43195167,0.543792588,0.3,0.712328767,0.500701043
0.303867403,0.188790065,0.156556423,0.5,0.753424658,0.104651163,,,0.585635359,0.322705152,0.472328403,0.5,0.04109589,0.734695179
0.281767956,0.236281255,0.074954296,0.5,0.205479452,0.313953488,,,0.546961326,0.256083235,0.371281369,0.3,0.780821918,0.274053213
0.298342541,0.166638698,0.02127306,0.35,0.602739726,0.139534884,,,0.53038674,0.34485652,0.374439089,0.35,0.780821918,0.308042922
0.475138122,0.215640208,0.129300316,0.6,0.835616438,0.151162791,,,0.613259669,0.247692566,0.344191458,0.3,0.082191781,0.633744034
0.325966851,0.0776976,0.2913412,0.75,0.369863014,0.255813953,,,0.756906077,0.313475415,0.140435433,0.45,0.260273973,0.507777385
0.276243094,0.448733009,0.149077613,0.35,0.726027397,0.162790698,,,0.458563536,0.379258265,0.267409008,0.5,0.835616438,0.213420654
0.232044199,0.153717067,0.222702343,0.8,0.671232877,0.127906977,,,0.464088398,0.40526934,0.039720791,0.35,0.726027397,0.176004904
0.237569061,0.253901661,0.312946651,0.85,0.315068493,0.313953488,,,0.453038674,0.37455949,0.012797075,0.55,0.917808219,0.038509826
0.298342541,0,0.304636862,0.9,0.260273973,0.244186047,,,0.513812155,0.393690216,0.275386405,0.55,0.205479452,0.560200112
0.309392265,0.44336298,0.322918398,0.1,0.630136986,0.279069767,,,0.425414365,0.272193321,0.320591657,0.6,0.095890411,0.555063358
0.314917127,0.283604632,0.447565232,0.75,0.438356164,0.38372093,,,0.303867403,0.188790065,0.156556423,0.5,0.753424658,0.067670273
0.116022099,0.392179896,0.491773309,0.75,0.356164384,0.406976744,,,0.281767956,0.236281255,0.074954296,0.5,0.205479452,0.321286246
0.392265193,0.327236113,0.296160878,0.65,0.630136986,0.279069767,,,0.298342541,0.166638698,0.02127306,0.35,0.602739726,0.072361425
0.375690608,0.563517369,0.125477813,0.5,0.630136986,0.325581395,,,0.475138122,0.215640208,0.129300316,0.6,0.835616438,0.071894728
0.303867403,0.857694244,0.425793585,0.55,0.465753425,0.569767442,,,0.325966851,0.0776976,0.2913412,0.75,0.369863014,0.276411675
0.35359116,0.177378755,0.534818016,0.5,0.616438356,0.290697674,,,0.276243094,0.448733009,0.149077613,0.35,0.726027397,0.192626687
0.348066298,0.370867595,0.331726774,0.35,0.643835616,0.290697674,,,0.232044199,0.153717067,0.222702343,0.8,0.671232877,0.091426117
0.259668508,0.850142641,0.536479973,0.6,0.479452055,0.581395349,,,0.237569061,0.253901661,0.312946651,0.85,0.315068493,0.362524901
0.552486188,0.291324048,0.455875021,0.6,0.150684932,0.604651163,,,0.298342541,0,0.304636862,0.9,0.260273973,0.289006385
0.35359116,0.314146669,0.357985707,0.4,0.739726027,0.220930233,,,0.309392265,0.44336298,0.322918398,0.1,0.630136986,0.347238734
0.580110497,0.257593556,0.503739405,0.4,0.506849315,0.395348837,,,0.314917127,0.283604632,0.447565232,0.75,0.438356164,0.408090094
0.524861878,0.454942104,0.628053847,0.35,0.917808219,0.348837209,,,0.116022099,0.392179896,0.491773309,0.75,0.356164384,0.45997939
0.486187845,0.508474576,0.659797241,0.6,0.698630137,0.465116279,,,0.392265193,0.327236113,0.296160878,0.65,0.630136986,0.282367022
0.580110497,0.389159255,0.769320259,0.25,0.739726027,0.488372093,,,0.375690608,0.563517369,0.125477813,0.5,0.630136986,0.30477729
0.480662983,0.420540359,0.58700349,0.45,0.821917808,0.337209302,,,0.303867403,0.857694244,0.425793585,0.55,0.465753425,0.64587364
0.524861878,0.396710858,0.927372445,0.35,0.657534247,0.639534884,,,0.35359116,0.177378755,0.534818016,0.5,0.616438356,0.336204533
0.55801105,0.33797617,0.836795745,0.35,0.794520548,0.511627907,,,0.348066298,0.370867595,0.331726774,0.35,0.643835616,0.312693262
0.546961326,0.469374056,0.793418647,0.3,0.726027397,0.569767442,,,0.259668508,0.850142641,0.536479973,0.6,0.479452055,0.674914315
0.513812155,0.797281423,0.271730098,0.2,0.780821918,0.360465116,,,0.552486188,0.291324048,0.455875021,0.6,0.150684932,0.641857603
0.607734807,0.49924484,0.895296659,0.4,0.808219178,0.604651163,,,0.35359116,0.314146669,0.357985707,0.4,0.739726027,0.250859036
0.502762431,0.535156906,0.516037893,0.35,0.657534247,0.476744186,,,0.580110497,0.257593556,0.503739405,0.4,0.506849315,0.486231064
0.535911602,0.522906528,0.703008144,0.35,0.657534247,0.581395349,,,0.524861878,0.454942104,0.628053847,0.35,0.917808219,0.412085439
0.535911602,0.419030039,0.876848928,0.45,0.643835616,0.651162791,,,0.486187845,0.508474576,0.659797241,0.6,0.698630137,0.540675328
0.535911602,0.571068971,0.772145588,0.45,0.671232877,0.61627907,,,0.580110497,0.389159255,0.769320259,0.25,0.739726027,0.565355666
0.73480663,0.365497567,0.455542629,0.2,0.904109589,0.313953488,,,0.480662983,0.420540359,0.58700349,0.45,0.821917808,0.407179665
0.580110497,0.491525424,0.843775968,0.4,0.767123288,0.604651163,,,0.524861878,0.396710858,0.927372445,0.35,0.657534247,0.668091508
0.61878453,0.30726632,0.816353665,0.2,0.821917808,0.5,,,0.55801105,0.33797617,0.836795745,0.35,0.794520548,0.536834164
0.629834254,0.682664877,0.6338707,0.25,0.849315068,0.453488372,,,0.546961326,0.469374056,0.793418647,0.3,0.726027397,0.607886696
0.767955801,0.473233764,0.958949643,0.3,0.808219178,0.709302326,,,0.513812155,0.797281423,0.271730098,0.2,0.780821918,0.461074984
0.73480663,0.402919953,0.937842779,0.2,0.780821918,0.686046512,,,0.607734807,0.49924484,0.895296659,0.4,0.808219178,0.644096062
0.729281768,0.584158416,0.835632375,0.35,0.726027397,0.697674419,,,0.502762431,0.535156906,0.516037893,0.35,0.657534247,0.518308893
0.889502762,0.380768585,0.545122154,0.4,0.780821918,0.476744186,,,0.535911602,0.522906528,0.703008144,0.35,0.657534247,0.616127556
0.767955801,0.440342339,0.654811368,0.2,0.808219178,0.5,,,0.535911602,0.419030039,0.876848928,0.45,0.643835616,0.658749229
0.856353591,0.573418359,0.944324414,0.4,0.767123288,0.802325581,,,0.535911602,0.571068971,0.772145588,0.45,0.671232877,0.660628949
0.779005525,0.399060245,0.927538641,0.4,0.712328767,0.73255814,,,0.73480663,0.365497567,0.455542629,0.2,0.904109589,0.363925223
0.762430939,0.509984897,0.853581519,0.35,0.753424658,0.662790698,,,0.580110497,0.491525424,0.843775968,0.4,0.767123288,0.627515063
0.817679558,0.497734519,0.657304304,0.35,0.780821918,0.558139535,,,0.61878453,0.30726632,0.816353665,0.2,0.821917808,0.524239386
0.806629834,0.505286122,0.511218215,0.35,0.849315068,0.418604651,,,0.629834254,0.682664877,0.6338707,0.25,0.849315068,0.58844186
0.751381215,0.431112603,0.508725278,0.35,0.767123288,0.441860465,,,0.767955801,0.473233764,0.958949643,0.3,0.808219178,0.717599391
0.729281768,0.506796442,0.414990859,0.4,0.726027397,0.465116279,,,0.73480663,0.402919953,0.937842779,0.2,0.780821918,0.683997647
0.740331492,0.420540359,0.732590992,0.3,0.821917808,0.511627907,,,0.729281768,0.584158416,0.835632375,0.35,0.726027397,0.733690979
0.91160221,0.306595066,0.771314609,0.2,0.671232877,0.651162791,,,0.889502762,0.380768585,0.545122154,0.4,0.780821918,0.516534204
0.712707182,0.419701292,0.533488449,0.4,0.630136986,0.523255814,,,0.767955801,0.440342339,0.654811368,0.2,0.808219178,0.555816919
0.701657459,0.547407283,0.4685059,0.25,0.671232877,0.523255814,,,0.856353591,0.573418359,0.944324414,0.4,0.767123288,0.79859743
0.70718232,0.442691727,0.208741898,0.35,0.712328767,0.313953488,,,0.779005525,0.399060245,0.927538641,0.4,0.712328767,0.716559316
0.73480663,0.42205068,0.560744557,0.25,0.780821918,0.453488372,,,0.762430939,0.509984897,0.853581519,0.35,0.753424658,0.705566289
0.718232044,0.311126028,0.187967426,0.2,0.753424658,0.255813953,,,0.817679558,0.497734519,0.657304304,0.35,0.780821918,0.605135017
0.806629834,0.410471556,0.637693203,0.45,0.712328767,0.511627907,,,0.806629834,0.505286122,0.511218215,0.35,0.849315068,0.497362916
0.723756906,0.535995972,0.547615091,0.4,0.849315068,0.38372093,,,0.751381215,0.431112603,0.508725278,0.35,0.767123288,0.488023998
0.651933702,0.28746434,0.573874024,0.35,0.575342466,0.511627907,,,0.729281768,0.506796442,0.414990859,0.4,0.726027397,0.487161712
0.651933702,0.400570566,0.434934353,0.3,0.739726027,0.360465116,,,0.740331492,0.420540359,0.732590992,0.3,0.821917808,0.565773584
0.690607735,0.468702802,0.51537311,0.35,0.643835616,0.5,,,0.91160221,0.306595066,0.771314609,0.2,0.671232877,0.667804208
0.497237569,0.29887565,0.436928702,0.3,0.547945205,0.38372093,,,0.712707182,0.419701292,0.533488449,0.4,0.630136986,0.551138079
0.657458564,0.276053029,0.391889646,0.55,0.301369863,0.546511628,,,0.701657459,0.547407283,0.4685059,0.25,0.671232877,0.558334152
0.718232044,0.264473905,0.295828486,0.55,0.260273973,0.488372093,,,0.70718232,0.442691727,0.208741898,0.35,0.712328767,0.358185142
0.508287293,0.311965095,0.350839289,0.55,0.684931507,0.209302326,,,0.73480663,0.42205068,0.560744557,0.25,0.780821918,0.502359288
0.546961326,0.248531633,0.321755027,0.45,0.205479452,0.465116279,,,0.718232044,0.311126028,0.187967426,0.2,0.753424658,0.278111266
0.535911602,0.173519047,0.243975403,0.45,0.561643836,0.244186047,,,0.806629834,0.410471556,0.637693203,0.45,0.712328767,0.583383209
0.38121547,0.898976338,0.248628885,0.3,0.493150685,0.488372093,,,0.723756906,0.535995972,0.547615091,0.4,0.849315068,0.501694213
0.320441989,0.319516697,0.329898621,0.6,0.410958904,0.337209302,,,0.651933702,0.28746434,0.573874024,0.35,0.575342466,0.523764973
0.403314917,0.291995301,0.345188632,0.75,0.260273973,0.465116279,,,0.651933702,0.400570566,0.434934353,0.3,0.739726027,0.423471534
0.419889503,0.189629132,0.326574705,0.65,0.301369863,0.372093023,,,0.690607735,0.468702802,0.51537311,0.35,0.643835616,0.552562079
0.403314917,0.109414331,0.288017284,0.55,0.164383562,0.348837209,,,0.497237569,0.29887565,0.436928702,0.3,0.547945205,0.429651937
0.303867403,0.215640208,0.14841283,0.35,0.616438356,0.162790698,,,0.657458564,0.276053029,0.391889646,0.55,0.301369863,0.560494139
0.309392265,0.564188622,0.164700017,0.4,0.493150685,0.337209302,,,0.718232044,0.264473905,0.295828486,0.55,0.260273973,0.546968009
0.099447514,0.664373217,0.011301313,0.4,0.643835616,0.255813953,,,0.508287293,0.311965095,0.350839289,0.55,0.684931507,0.314736802
0.171270718,0.224702131,0.301146751,0.65,0.191780822,0.360465116,,,0.546961326,0.248531633,0.321755027,0.45,0.205479452,0.532974485
0.254143646,0.341668065,0.034734918,0.45,0.739726027,0.104651163,,,0.535911602,0.173519047,0.243975403,0.45,0.561643836,0.275409076
0.198895028,0.133076019,0.272228685,0.75,0.328767123,0.244186047,,,0.38121547,0.898976338,0.248628885,0.3,0.493150685,0.596970704
,,,,,,,,0.320441989,0.319516697,0.329898621,0.6,0.410958904,0.387973428
,,,,,,,,0.403314917,0.291995301,0.345188632,0.75,0.260273973,0.478729823
,,,,,,,,0.419889503,0.189629132,0.326574705,0.65,0.301369863,0.412229154
,,,,,,,,0.403314917,0.109414331,0.288017284,0.55,0.164383562,0.426512386
,,,,,,,,0.303867403,0.215640208,0.14841283,0.35,0.616438356,0.15235119
,,,,,,,,0.309392265,0.564188622,0.164700017,0.4,0.493150685,0.378852259
,,,,,,,,0.099447514,0.664373217,0.011301313,0.4,0.643835616,0.206224207
,,,,,,,,0.171270718,0.224702131,0.301146751,0.65,0.191780822,0.39532547
,,,,,,,,0.254143646,0.341668065,0.034734918,0.45,0.739726027,0.069459706
,,,,,,,,0.198895028,0.133076019,0.272228685,0.75,0.328767123,0.273871115
